This file is for the function named apples
This results file represents the nested function that is associated with attribute x1 of the function that is one level higher.

Attributes, k-value, sub-attributes
y1,2,None
y2,2,None

Pilot Questions:
Shortest Hansel Chain First
True Attributes:,y1
Majority Flag not used
Static

Original Results
Monotone Boolean Function Simplified: y1
Monotone Boolean Function Non-simplified:y1 v y1y2
Order of Questions:,1.1,
Answers:,1,
Total Questions: 1

Reference Number,Vector,Planned Query Order,Updated Query Order,Final Query Order,Majority Flag,Class,Expanded By,Expanded 1-1,Expanded 0-0,Expandable 1-1,Expandable 0-0
1.1,1;0,1,1,1,1,1,,2.3;,,2.3;,2.1;
2.1,0;0,4,2,,0,0,,,,1.1;2.2;,
2.2,0;1,3,3,,1,0,,,,2.3;,2.1;
2.3,1;1,2,4,,0,1,1.1,,,,2.2;1.1;


Results After Applying Any f-Changes
Monotone Boolean Function Simplified: y1
Monotone Boolean Function Non-simplified:y1 v y1y2
Order of Questions:,
Answers:,
Total Questions: 0

Reference Number,Vector,Class,f-Change,Expanded By,Expanded 1-1,Expanded 0-0,Expandable 1-1,Expandable 0-0
1.1,1;0,1,,,2.3;,,2.3;,2.1;
2.1,0;0,0,,,,,1.1;2.2;,
2.2,0;1,0,,,,,2.3;,2.1;
2.3,1;1,1,,1.1,,,,2.2;1.1;



