This file is for the function named fruits
Attributes, k-value, sub-attributes
x1,2,y1,y3,
x2,2,z1,z2,

Pilot Questions:
Shortest Hansel Chain First
True Attributes:,x1
Majority Flag not used
Static

Original Results
Monotone Boolean Function Simplified: x1x2
Monotone Boolean Function Non-simplified:x1x2
Order of Questions:,1.1,2.3,
Answers:,0,1,
Total Questions: 2

Reference Number,Vector,Planned Query Order,Updated Query Order,Final Query Order,Majority Flag,Class,Expanded By,Expanded 1-1,Expanded 0-0,Expandable 1-1,Expandable 0-0
1.1,1;0,1,1,1,1,0,,,2.1;,2.3;,2.1;
2.1,0;0,4,2,,0,0,1.1,,,1.1;2.2;,
2.2,0;1,3,3,,1,0,,,,2.3;,2.1;
2.3,1;1,2,4,2,0,1,,,,,2.2;1.1;


Results After Applying Any f-Changes
Monotone Boolean Function Simplified: x1x2
Monotone Boolean Function Non-simplified:x1x2
Order of Questions:,
Answers:,
Total Questions: 0

Reference Number,Vector,Class,f-Change,Expanded By,Expanded 1-1,Expanded 0-0,Expandable 1-1,Expandable 0-0
1.1,1;0,0,,,,2.1;,2.3;,2.1;
2.1,0;0,0,,1.1,,,1.1;2.2;,
2.2,0;1,0,,,,,2.3;,2.1;
2.3,1;1,1,,,,,,2.2;1.1;



